ID,Tamanho,Trial,Conjunto,Estímulo,Verdadeiro/Falso,Resposta,Correto,Tempo(ms),ID,Tamanho,Trial,Conjunto,Estímulo,Verdadeiro/Falso,Resposta,Correto,Tempo(ms),ID,Tamanho,Trial,Conjunto,Estímulo,Verdadeiro/Falso,Resposta,Correto,Tempo(ms)
T0_subNum,T0_length,T0_trial,T0_set,T0_stim,T0_targetfoil,T0_resp,T0_corr,T0_rt,T1_subNum,T1_length,T1_trial,T1_set,T1_stim,T1_targetfoil,T1_resp,T1_corr,T1_rt,T2_subNum,T2_length,T2_trial,T2_set,T2_stim,T2_targetfoil,T2_resp,T2_corr,T2_rt
T0_4572_sternberg,2,1,JD,G,F,<rshift>,1,656,T1_4572_sternberg,2,1,DT,W,F,<rshift>,1,972,T2_4572_sternberg,2,1,GN,G,T,<lshift>,1,574
T0_4572_sternberg,2,2,JD,J,T,<lshift>,1,605,T1_4572_sternberg,2,2,DT,V,F,<rshift>,1,611,T2_4572_sternberg,2,2,GN,N,T,<lshift>,1,543
T0_4572_sternberg,2,3,JD,T,F,<rshift>,1,581,T1_4572_sternberg,2,3,DT,K,F,<rshift>,1,528,T2_4572_sternberg,2,3,GN,H,F,<rshift>,1,479
T0_4572_sternberg,2,4,JD,J,T,<lshift>,1,411,T1_4572_sternberg,2,4,DT,T,T,<lshift>,1,846,T2_4572_sternberg,2,4,GN,N,T,<lshift>,1,481
T0_4572_sternberg,2,5,JD,M,F,<rshift>,1,442,T1_4572_sternberg,2,5,DT,K,F,<rshift>,1,492,T2_4572_sternberg,2,5,GN,R,F,<rshift>,1,555
T0_4572_sternberg,2,6,JD,D,T,<lshift>,1,641,T1_4572_sternberg,2,6,DT,D,T,<lshift>,1,460,T2_4572_sternberg,2,6,GN,K,F,<rshift>,1,500
T0_4572_sternberg,2,7,JD,C,F,<rshift>,1,411,T1_4572_sternberg,2,7,DT,D,T,<lshift>,1,402,T2_4572_sternberg,2,7,GN,N,T,<lshift>,1,430
T0_4572_sternberg,2,8,JD,D,T,<lshift>,1,493,T1_4572_sternberg,2,8,DT,D,T,<lshift>,1,325,T2_4572_sternberg,2,8,GN,G,T,<lshift>,1,541
T0_4572_sternberg,2,9,JD,J,T,<lshift>,1,523,T1_4572_sternberg,2,9,DT,M,F,<rshift>,1,477,T2_4572_sternberg,2,9,GN,N,T,<lshift>,1,471
T0_4572_sternberg,2,10,JD,S,F,<rshift>,1,479,T1_4572_sternberg,2,10,DT,J,F,<rshift>,1,600,T2_4572_sternberg,2,10,GN,J,F,<rshift>,1,554
T0_4572_sternberg,2,11,JD,J,T,<lshift>,1,440,T1_4572_sternberg,2,11,DT,C,F,<rshift>,1,485,T2_4572_sternberg,2,11,GN,F,F,<rshift>,1,389
T0_4572_sternberg,2,12,JD,D,T,<lshift>,1,591,T1_4572_sternberg,2,12,DT,S,F,<rshift>,1,413,T2_4572_sternberg,2,12,GN,P,F,<rshift>,1,508
T0_4572_sternberg,2,13,JD,J,T,<lshift>,1,479,T1_4572_sternberg,2,13,DT,D,T,<lshift>,1,574,T2_4572_sternberg,2,13,GN,M,F,<rshift>,1,514
T0_4572_sternberg,2,14,JD,J,T,<lshift>,1,449,T1_4572_sternberg,2,14,DT,D,T,<lshift>,1,335,T2_4572_sternberg,2,14,GN,P,F,<rshift>,1,510
T0_4572_sternberg,2,15,JD,H,F,<rshift>,1,466,T1_4572_sternberg,2,15,DT,T,T,<lshift>,1,606,T2_4572_sternberg,2,15,GN,K,F,<rshift>,1,451
T0_4572_sternberg,2,16,JD,V,F,<rshift>,1,503,T1_4572_sternberg,2,16,DT,D,T,<lshift>,1,550,T2_4572_sternberg,2,16,GN,N,T,<lshift>,1,481
T0_4572_sternberg,2,17,JD,V,F,<rshift>,1,420,T1_4572_sternberg,2,17,DT,S,F,<rshift>,1,502,T2_4572_sternberg,2,17,GN,G,T,<lshift>,1,549
T0_4572_sternberg,2,18,JD,N,F,<rshift>,1,557,T1_4572_sternberg,2,18,DT,T,T,<lshift>,1,476,T2_4572_sternberg,2,18,GN,Z,F,<rshift>,1,459
T0_4572_sternberg,2,19,JD,D,T,<lshift>,1,445,T1_4572_sternberg,2,19,DT,T,T,<lshift>,1,340,T2_4572_sternberg,2,19,GN,N,T,<lshift>,1,583
T0_4572_sternberg,2,20,JD,D,T,<lshift>,1,378,T1_4572_sternberg,2,20,DT,D,T,<lshift>,1,548,T2_4572_sternberg,2,20,GN,K,F,<rshift>,1,438
T0_4572_sternberg,2,21,JD,J,T,<lshift>,1,502,T1_4572_sternberg,2,21,DT,F,F,<rshift>,1,558,T2_4572_sternberg,2,21,GN,M,F,<rshift>,1,579
T0_4572_sternberg,2,22,JD,L,F,<rshift>,1,412,T1_4572_sternberg,2,22,DT,S,F,<rshift>,1,396,T2_4572_sternberg,2,22,GN,G,T,<lshift>,1,537
T0_4572_sternberg,2,23,JD,M,F,<rshift>,1,469,T1_4572_sternberg,2,23,DT,Q,F,<rshift>,1,417,T2_4572_sternberg,2,23,GN,T,F,<rshift>,1,447
T0_4572_sternberg,2,24,JD,D,T,<lshift>,1,484,T1_4572_sternberg,2,24,DT,P,F,<rshift>,1,416,T2_4572_sternberg,2,24,GN,B,F,<rshift>,1,447
T0_4572_sternberg,2,25,JD,J,T,<lshift>,1,441,T1_4572_sternberg,2,25,DT,Q,F,<rshift>,1,461,T2_4572_sternberg,2,25,GN,N,T,<lshift>,1,596
T0_4572_sternberg,2,26,JD,T,F,<rshift>,1,391,T1_4572_sternberg,2,26,DT,K,F,<rshift>,1,564,T2_4572_sternberg,2,26,GN,N,T,<lshift>,1,405
T0_4572_sternberg,2,27,JD,P,F,<rshift>,1,483,T1_4572_sternberg,2,27,DT,L,F,<rshift>,1,520,T2_4572_sternberg,2,27,GN,N,T,<lshift>,1,405
T0_4572_sternberg,2,28,JD,Q,F,<rshift>,1,383,T1_4572_sternberg,2,28,DT,R,F,<rshift>,1,407,T2_4572_sternberg,2,28,GN,N,T,<lshift>,1,469
T0_4572_sternberg,2,29,JD,J,T,<lshift>,1,432,T1_4572_sternberg,2,29,DT,T,T,<lshift>,1,485,T2_4572_sternberg,2,29,GN,G,T,<lshift>,1,559
T0_4572_sternberg,2,30,JD,F,F,<rshift>,1,426,T1_4572_sternberg,2,30,DT,T,T,<lshift>,1,328,T2_4572_sternberg,2,30,GN,S,F,<rshift>,1,462
T0_4572_sternberg,2,31,JD,W,F,<rshift>,1,552,T1_4572_sternberg,2,31,DT,P,F,<rshift>,1,464,T2_4572_sternberg,2,31,GN,N,T,<lshift>,1,490
T0_4572_sternberg,2,32,JD,J,T,<lshift>,1,462,T1_4572_sternberg,2,32,DT,D,T,<lshift>,1,524,T2_4572_sternberg,2,32,GN,G,T,<lshift>,1,501
T0_4572_sternberg,2,33,JD,T,F,<rshift>,1,472,T1_4572_sternberg,2,33,DT,T,T,<lshift>,1,665,T2_4572_sternberg,2,33,GN,N,T,<lshift>,1,541
T0_4572_sternberg,2,34,JD,Q,F,<rshift>,1,433,T1_4572_sternberg,2,34,DT,D,T,<lshift>,1,406,T2_4572_sternberg,2,34,GN,G,T,<lshift>,1,451
T0_4572_sternberg,2,35,JD,J,T,<lshift>,1,437,T1_4572_sternberg,2,35,DT,T,T,<lshift>,1,436,T2_4572_sternberg,2,35,GN,B,F,<rshift>,1,501
T0_4572_sternberg,2,36,JD,D,T,<lshift>,1,404,T1_4572_sternberg,2,36,DT,T,T,<lshift>,1,356,T2_4572_sternberg,2,36,GN,N,T,<lshift>,1,469
T0_4572_sternberg,2,37,JD,B,F,<rshift>,1,417,T1_4572_sternberg,2,37,DT,T,T,<lshift>,1,354,T2_4572_sternberg,2,37,GN,G,T,<lshift>,1,644
T0_4572_sternberg,2,38,JD,Q,F,<rshift>,1,411,T1_4572_sternberg,2,38,DT,V,F,<rshift>,1,479,T2_4572_sternberg,2,38,GN,M,F,<rshift>,1,473
T0_4572_sternberg,2,39,JD,P,F,<rshift>,1,406,T1_4572_sternberg,2,39,DT,B,F,<rshift>,1,509,T2_4572_sternberg,2,39,GN,S,F,<rshift>,1,509
T0_4572_sternberg,2,40,JD,J,T,<lshift>,1,450,T1_4572_sternberg,2,40,DT,F,F,<rshift>,1,564,T2_4572_sternberg,2,40,GN,P,F,<rshift>,1,492
T0_4572_sternberg,2,41,JD,H,F,<rshift>,1,400,T1_4572_sternberg,2,41,DT,R,F,<rshift>,1,449,T2_4572_sternberg,2,41,GN,G,T,<lshift>,1,608
T0_4572_sternberg,2,42,JD,D,T,<lshift>,1,407,T1_4572_sternberg,2,42,DT,M,F,<rshift>,1,424,T2_4572_sternberg,2,42,GN,M,F,<rshift>,1,534
T0_4572_sternberg,2,43,JD,J,T,<rshift>,0,369,T1_4572_sternberg,2,43,DT,T,T,<lshift>,1,508,T2_4572_sternberg,2,43,GN,N,T,<lshift>,1,485
T0_4572_sternberg,2,44,JD,J,T,<lshift>,1,648,T1_4572_sternberg,2,44,DT,D,T,<lshift>,1,580,T2_4572_sternberg,2,44,GN,D,F,<rshift>,1,639
T0_4572_sternberg,2,45,JD,H,F,<rshift>,1,432,T1_4572_sternberg,2,45,DT,D,T,<lshift>,1,359,T2_4572_sternberg,2,45,GN,N,T,<lshift>,1,505
T0_4572_sternberg,2,46,JD,D,T,<lshift>,1,388,T1_4572_sternberg,2,46,DT,C,F,<rshift>,1,540,T2_4572_sternberg,2,46,GN,J,F,<rshift>,1,492
T0_4572_sternberg,2,47,JD,R,F,<rshift>,1,478,T1_4572_sternberg,2,47,DT,C,F,<rshift>,1,338,T2_4572_sternberg,2,47,GN,N,T,<lshift>,1,511
T0_4572_sternberg,2,48,JD,D,T,<lshift>,1,430,T1_4572_sternberg,2,48,DT,T,T,<lshift>,1,516,T2_4572_sternberg,2,48,GN,Q,F,<rshift>,1,473
T0_4572_sternberg,2,49,JD,R,F,<rshift>,1,441,T1_4572_sternberg,2,49,DT,D,T,<lshift>,1,547,T2_4572_sternberg,2,49,GN,Q,F,<rshift>,1,398
T0_4572_sternberg,2,50,JD,D,T,<lshift>,1,410,T1_4572_sternberg,2,50,DT,D,T,<lshift>,1,438,T2_4572_sternberg,2,50,GN,V,F,<rshift>,1,470
T0_4572_sternberg,4,51,RVLG,P,F,<rshift>,1,470,T1_4572_sternberg,4,51,QDKZ,Z,T,<lshift>,1,1009,T2_4572_sternberg,4,51,GPJW,W,T,<lshift>,1,965
T0_4572_sternberg,4,52,RVLG,L,T,<lshift>,1,564,T1_4572_sternberg,4,52,QDKZ,Q,T,<lshift>,1,643,T2_4572_sternberg,4,52,GPJW,W,T,<lshift>,1,429
T0_4572_sternberg,4,53,RVLG,D,F,<rshift>,1,660,T1_4572_sternberg,4,53,QDKZ,R,F,<rshift>,1,574,T2_4572_sternberg,4,53,GPJW,M,F,<rshift>,1,532
T0_4572_sternberg,4,54,RVLG,M,F,<rshift>,1,553,T1_4572_sternberg,4,54,QDKZ,W,F,<rshift>,1,537,T2_4572_sternberg,4,54,GPJW,S,F,<rshift>,1,500
T0_4572_sternberg,4,55,RVLG,W,F,<rshift>,1,408,T1_4572_sternberg,4,55,QDKZ,K,T,<lshift>,1,895,T2_4572_sternberg,4,55,GPJW,G,T,<lshift>,1,490
T0_4572_sternberg,4,56,RVLG,N,F,<rshift>,1,550,T1_4572_sternberg,4,56,QDKZ,G,F,<rshift>,1,674,T2_4572_sternberg,4,56,GPJW,S,F,<rshift>,1,492
T0_4572_sternberg,4,57,RVLG,Q,F,<lshift>,0,845,T1_4572_sternberg,4,57,QDKZ,L,F,<rshift>,1,417,T2_4572_sternberg,4,57,GPJW,N,F,<rshift>,1,584
T0_4572_sternberg,4,58,RVLG,G,T,<lshift>,1,695,T1_4572_sternberg,4,58,QDKZ,R,F,<rshift>,1,594,T2_4572_sternberg,4,58,GPJW,P,T,<lshift>,1,432
T0_4572_sternberg,4,59,RVLG,H,F,<rshift>,1,479,T1_4572_sternberg,4,59,QDKZ,D,T,<lshift>,1,781,T2_4572_sternberg,4,59,GPJW,J,T,<lshift>,1,450
T0_4572_sternberg,4,60,RVLG,L,T,<lshift>,1,699,T1_4572_sternberg,4,60,QDKZ,K,T,<lshift>,1,645,T2_4572_sternberg,4,60,GPJW,M,F,<rshift>,1,1046
T0_4572_sternberg,4,61,RVLG,V,T,<lshift>,1,532,T1_4572_sternberg,4,61,QDKZ,G,F,<rshift>,1,583,T2_4572_sternberg,4,61,GPJW,P,T,<rshift>,0,472
T0_4572_sternberg,4,62,RVLG,L,T,<lshift>,1,526,T1_4572_sternberg,4,62,QDKZ,D,T,<lshift>,1,496,T2_4572_sternberg,4,62,GPJW,L,F,<rshift>,1,737
T0_4572_sternberg,4,63,RVLG,V,T,<lshift>,1,412,T1_4572_sternberg,4,63,QDKZ,Q,T,<lshift>,1,546,T2_4572_sternberg,4,63,GPJW,P,T,<lshift>,1,477
T0_4572_sternberg,4,64,RVLG,R,T,<lshift>,1,473,T1_4572_sternberg,4,64,QDKZ,D,T,<lshift>,1,439,T2_4572_sternberg,4,64,GPJW,W,T,<lshift>,1,568
T0_4572_sternberg,4,65,RVLG,L,T,<lshift>,1,502,T1_4572_sternberg,4,65,QDKZ,Z,T,<lshift>,1,525,T2_4572_sternberg,4,65,GPJW,P,T,<lshift>,1,468
T0_4572_sternberg,4,66,RVLG,V,T,<lshift>,1,376,T1_4572_sternberg,4,66,QDKZ,Q,T,<lshift>,1,505,T2_4572_sternberg,4,66,GPJW,J,T,<lshift>,1,434
T0_4572_sternberg,4,67,RVLG,J,F,<rshift>,1,561,T1_4572_sternberg,4,67,QDKZ,R,F,<rshift>,1,528,T2_4572_sternberg,4,67,GPJW,F,F,<rshift>,1,499
T0_4572_sternberg,4,68,RVLG,P,F,<rshift>,1,435,T1_4572_sternberg,4,68,QDKZ,K,T,<rshift>,0,428,T2_4572_sternberg,4,68,GPJW,R,F,<rshift>,1,505
T0_4572_sternberg,4,69,RVLG,H,F,<rshift>,1,402,T1_4572_sternberg,4,69,QDKZ,Z,T,<lshift>,1,570,T2_4572_sternberg,4,69,GPJW,J,T,<lshift>,1,431
T0_4572_sternberg,4,70,RVLG,R,T,<lshift>,1,565,T1_4572_sternberg,4,70,QDKZ,T,F,<rshift>,1,599,T2_4572_sternberg,4,70,GPJW,W,T,<lshift>,1,530
T0_4572_sternberg,4,71,RVLG,Q,F,<rshift>,1,584,T1_4572_sternberg,4,71,QDKZ,K,T,<lshift>,1,477,T2_4572_sternberg,4,71,GPJW,K,F,<rshift>,1,491
T0_4572_sternberg,4,72,RVLG,F,F,<rshift>,1,537,T1_4572_sternberg,4,72,QDKZ,D,T,<lshift>,1,510,T2_4572_sternberg,4,72,GPJW,T,F,<rshift>,1,468
T0_4572_sternberg,4,73,RVLG,R,T,<lshift>,1,552,T1_4572_sternberg,4,73,QDKZ,K,T,<lshift>,1,477,T2_4572_sternberg,4,73,GPJW,P,T,<lshift>,1,440
T0_4572_sternberg,4,74,RVLG,L,T,<lshift>,1,535,T1_4572_sternberg,4,74,QDKZ,V,F,<rshift>,1,536,T2_4572_sternberg,4,74,GPJW,G,T,<lshift>,1,481
T0_4572_sternberg,4,75,RVLG,C,F,<rshift>,1,441,T1_4572_sternberg,4,75,QDKZ,W,F,<rshift>,1,455,T2_4572_sternberg,4,75,GPJW,G,T,<lshift>,1,472
T0_4572_sternberg,4,76,RVLG,T,F,<rshift>,1,342,T1_4572_sternberg,4,76,QDKZ,W,F,<rshift>,1,456,T2_4572_sternberg,4,76,GPJW,F,F,<rshift>,1,571
T0_4572_sternberg,4,77,RVLG,M,F,<rshift>,1,492,T1_4572_sternberg,4,77,QDKZ,D,T,<lshift>,1,511,T2_4572_sternberg,4,77,GPJW,C,F,<rshift>,1,489
T0_4572_sternberg,4,78,RVLG,Q,F,<rshift>,1,363,T1_4572_sternberg,4,78,QDKZ,Q,T,<lshift>,1,649,T2_4572_sternberg,4,78,GPJW,W,T,<lshift>,1,433
T0_4572_sternberg,4,79,RVLG,N,F,<rshift>,1,737,T1_4572_sternberg,4,79,QDKZ,J,F,<rshift>,1,520,T2_4572_sternberg,4,79,GPJW,W,T,<lshift>,1,432
T0_4572_sternberg,4,80,RVLG,R,T,<rshift>,0,338,T1_4572_sternberg,4,80,QDKZ,Z,T,<lshift>,1,599,T2_4572_sternberg,4,80,GPJW,C,F,<rshift>,1,497
T0_4572_sternberg,4,81,RVLG,R,T,<rshift>,0,65,T1_4572_sternberg,4,81,QDKZ,M,F,<rshift>,1,569,T2_4572_sternberg,4,81,GPJW,G,T,<lshift>,1,466
T0_4572_sternberg,4,82,RVLG,V,T,<lshift>,1,544,T1_4572_sternberg,4,82,QDKZ,K,T,<lshift>,1,662,T2_4572_sternberg,4,82,GPJW,L,F,<rshift>,1,471
T0_4572_sternberg,4,83,RVLG,K,F,<rshift>,1,466,T1_4572_sternberg,4,83,QDKZ,J,F,<rshift>,1,489,T2_4572_sternberg,4,83,GPJW,M,F,<rshift>,1,601
T0_4572_sternberg,4,84,RVLG,L,T,<lshift>,1,441,T1_4572_sternberg,4,84,QDKZ,Z,T,<lshift>,1,490,T2_4572_sternberg,4,84,GPJW,W,T,<lshift>,1,442
T0_4572_sternberg,4,85,RVLG,R,T,<lshift>,1,470,T1_4572_sternberg,4,85,QDKZ,C,F,<rshift>,1,536,T2_4572_sternberg,4,85,GPJW,R,F,<rshift>,1,460
T0_4572_sternberg,4,86,RVLG,R,T,<lshift>,1,372,T1_4572_sternberg,4,86,QDKZ,W,F,<rshift>,1,629,T2_4572_sternberg,4,86,GPJW,P,T,<lshift>,1,541
T0_4572_sternberg,4,87,RVLG,R,T,<lshift>,1,347,T1_4572_sternberg,4,87,QDKZ,B,F,<rshift>,1,519,T2_4572_sternberg,4,87,GPJW,D,F,<rshift>,1,592
T0_4572_sternberg,4,88,RVLG,J,F,<rshift>,1,616,T1_4572_sternberg,4,88,QDKZ,Z,T,<lshift>,1,610,T2_4572_sternberg,4,88,GPJW,T,F,<rshift>,1,512
T0_4572_sternberg,4,89,RVLG,V,T,<rshift>,0,479,T1_4572_sternberg,4,89,QDKZ,P,F,<rshift>,1,518,T2_4572_sternberg,4,89,GPJW,Z,F,<rshift>,1,543
T0_4572_sternberg,4,90,RVLG,H,F,<rshift>,1,803,T1_4572_sternberg,4,90,QDKZ,T,F,<lshift>,0,559,T2_4572_sternberg,4,90,GPJW,H,F,<rshift>,1,506
T0_4572_sternberg,4,91,RVLG,P,F,<rshift>,1,620,T1_4572_sternberg,4,91,QDKZ,K,T,<lshift>,1,980,T2_4572_sternberg,4,91,GPJW,W,T,<lshift>,1,498
T0_4572_sternberg,4,92,RVLG,D,F,<rshift>,1,722,T1_4572_sternberg,4,92,QDKZ,F,F,<rshift>,1,512,T2_4572_sternberg,4,92,GPJW,L,F,<rshift>,1,451
T0_4572_sternberg,4,93,RVLG,T,F,<rshift>,1,381,T1_4572_sternberg,4,93,QDKZ,Q,T,<lshift>,1,482,T2_4572_sternberg,4,93,GPJW,L,F,<rshift>,1,443
T0_4572_sternberg,4,94,RVLG,B,F,<rshift>,1,427,T1_4572_sternberg,4,94,QDKZ,D,T,<lshift>,1,540,T2_4572_sternberg,4,94,GPJW,W,T,<lshift>,1,488
T0_4572_sternberg,4,95,RVLG,R,T,<lshift>,1,453,T1_4572_sternberg,4,95,QDKZ,T,F,<rshift>,1,1010,T2_4572_sternberg,4,95,GPJW,Q,F,<rshift>,1,459
T0_4572_sternberg,4,96,RVLG,G,T,<rshift>,0,485,T1_4572_sternberg,4,96,QDKZ,M,F,<rshift>,1,513,T2_4572_sternberg,4,96,GPJW,W,T,<lshift>,1,573
T0_4572_sternberg,4,97,RVLG,W,F,<rshift>,1,561,T1_4572_sternberg,4,97,QDKZ,K,T,<lshift>,1,539,T2_4572_sternberg,4,97,GPJW,R,F,<rshift>,1,470
T0_4572_sternberg,4,98,RVLG,L,T,<lshift>,1,506,T1_4572_sternberg,4,98,QDKZ,R,F,<rshift>,1,572,T2_4572_sternberg,4,98,GPJW,T,F,<rshift>,1,490
T0_4572_sternberg,4,99,RVLG,R,T,<lshift>,1,551,T1_4572_sternberg,4,99,QDKZ,P,F,<rshift>,1,557,T2_4572_sternberg,4,99,GPJW,P,T,<lshift>,1,525
T0_4572_sternberg,4,100,RVLG,L,T,<lshift>,1,516,T1_4572_sternberg,4,100,QDKZ,C,F,<rshift>,1,648,T2_4572_sternberg,4,100,GPJW,P,T,<lshift>,1,392
T0_4572_sternberg,6,101,NSVBCZ,N,T,<lshift>,1,517,T1_4572_sternberg,6,101,SWLNHF,Q,F,<rshift>,1,568,T2_4572_sternberg,6,101,HJDQTR,N,F,<rshift>,1,759
T0_4572_sternberg,6,102,NSVBCZ,Z,T,<lshift>,1,634,T1_4572_sternberg,6,102,SWLNHF,D,F,<rshift>,1,630,T2_4572_sternberg,6,102,HJDQTR,N,F,<rshift>,1,522
T0_4572_sternberg,6,103,NSVBCZ,H,F,<rshift>,1,640,T1_4572_sternberg,6,103,SWLNHF,F,T,<lshift>,1,712,T2_4572_sternberg,6,103,HJDQTR,P,F,<rshift>,1,821
T0_4572_sternberg,6,104,NSVBCZ,D,F,<rshift>,1,616,T1_4572_sternberg,6,104,SWLNHF,V,F,<rshift>,1,557,T2_4572_sternberg,6,104,HJDQTR,Q,T,<lshift>,1,490
T0_4572_sternberg,6,105,NSVBCZ,Z,T,<lshift>,1,539,T1_4572_sternberg,6,105,SWLNHF,N,T,<lshift>,1,653,T2_4572_sternberg,6,105,HJDQTR,L,F,<rshift>,1,562
T0_4572_sternberg,6,106,NSVBCZ,R,F,<rshift>,1,448,T1_4572_sternberg,6,106,SWLNHF,K,F,<rshift>,1,595,T2_4572_sternberg,6,106,HJDQTR,H,T,<lshift>,1,540
T0_4572_sternberg,6,107,NSVBCZ,D,F,<rshift>,1,562,T1_4572_sternberg,6,107,SWLNHF,H,T,<lshift>,1,725,T2_4572_sternberg,6,107,HJDQTR,J,T,<lshift>,1,480
T0_4572_sternberg,6,108,NSVBCZ,N,T,<lshift>,1,500,T1_4572_sternberg,6,108,SWLNHF,C,F,<rshift>,1,559,T2_4572_sternberg,6,108,HJDQTR,W,F,<rshift>,1,629
T0_4572_sternberg,6,109,NSVBCZ,G,F,<rshift>,1,511,T1_4572_sternberg,6,109,SWLNHF,F,T,<lshift>,1,1028,T2_4572_sternberg,6,109,HJDQTR,H,T,<lshift>,1,612
T0_4572_sternberg,6,110,NSVBCZ,J,F,<rshift>,1,547,T1_4572_sternberg,6,110,SWLNHF,Z,F,<rshift>,1,520,T2_4572_sternberg,6,110,HJDQTR,M,F,<rshift>,1,928
T0_4572_sternberg,6,111,NSVBCZ,D,F,<rshift>,1,534,T1_4572_sternberg,6,111,SWLNHF,S,T,<lshift>,1,560,T2_4572_sternberg,6,111,HJDQTR,R,T,<lshift>,1,885
T0_4572_sternberg,6,112,NSVBCZ,F,F,<rshift>,1,359,T1_4572_sternberg,6,112,SWLNHF,Z,F,<rshift>,1,584,T2_4572_sternberg,6,112,HJDQTR,D,T,<lshift>,1,581
T0_4572_sternberg,6,113,NSVBCZ,Z,T,<lshift>,1,636,T1_4572_sternberg,6,113,SWLNHF,H,T,<lshift>,1,991,T2_4572_sternberg,6,113,HJDQTR,H,T,<lshift>,1,521
T0_4572_sternberg,6,114,NSVBCZ,S,T,<lshift>,1,546,T1_4572_sternberg,6,114,SWLNHF,H,T,<lshift>,1,363,T2_4572_sternberg,6,114,HJDQTR,W,F,<rshift>,1,562
T0_4572_sternberg,6,115,NSVBCZ,N,T,<lshift>,1,470,T1_4572_sternberg,6,115,SWLNHF,L,T,<lshift>,1,704,T2_4572_sternberg,6,115,HJDQTR,Q,T,<lshift>,1,570
T0_4572_sternberg,6,116,NSVBCZ,C,T,<rshift>,0,525,T1_4572_sternberg,6,116,SWLNHF,J,F,<rshift>,1,497,T2_4572_sternberg,6,116,HJDQTR,S,F,<rshift>,1,555
T0_4572_sternberg,6,117,NSVBCZ,Z,T,<lshift>,1,928,T1_4572_sternberg,6,117,SWLNHF,S,T,<lshift>,1,540,T2_4572_sternberg,6,117,HJDQTR,J,T,<lshift>,1,457
T0_4572_sternberg,6,118,NSVBCZ,S,T,<lshift>,1,505,T1_4572_sternberg,6,118,SWLNHF,H,T,<lshift>,1,592,T2_4572_sternberg,6,118,HJDQTR,R,T,<lshift>,1,683
T0_4572_sternberg,6,119,NSVBCZ,L,F,<lshift>,0,398,T1_4572_sternberg,6,119,SWLNHF,T,F,<rshift>,1,664,T2_4572_sternberg,6,119,HJDQTR,C,F,<rshift>,1,487
T0_4572_sternberg,6,120,NSVBCZ,R,F,<rshift>,1,1140,T1_4572_sternberg,6,120,SWLNHF,Z,F,<rshift>,1,648,T2_4572_sternberg,6,120,HJDQTR,H,T,<lshift>,1,440
T0_4572_sternberg,6,121,NSVBCZ,Q,F,<rshift>,1,478,T1_4572_sternberg,6,121,SWLNHF,K,F,<rshift>,1,458,T2_4572_sternberg,6,121,HJDQTR,D,T,<lshift>,1,544
T0_4572_sternberg,6,122,NSVBCZ,C,T,<rshift>,0,639,T1_4572_sternberg,6,122,SWLNHF,K,F,<rshift>,1,405,T2_4572_sternberg,6,122,HJDQTR,Q,T,<lshift>,1,556
T0_4572_sternberg,6,123,NSVBCZ,S,T,<lshift>,1,497,T1_4572_sternberg,6,123,SWLNHF,N,T,<rshift>,0,1147,T2_4572_sternberg,6,123,HJDQTR,R,T,<lshift>,1,573
T0_4572_sternberg,6,124,NSVBCZ,S,T,<lshift>,1,339,T1_4572_sternberg,6,124,SWLNHF,T,F,<rshift>,1,752,T2_4572_sternberg,6,124,HJDQTR,S,F,<rshift>,1,537
T0_4572_sternberg,6,125,NSVBCZ,F,F,<lshift>,0,1173,T1_4572_sternberg,6,125,SWLNHF,W,T,<lshift>,1,1013,T2_4572_sternberg,6,125,HJDQTR,L,F,<rshift>,1,463
T0_4572_sternberg,6,126,NSVBCZ,F,F,<rshift>,1,629,T1_4572_sternberg,6,126,SWLNHF,P,F,<rshift>,1,532,T2_4572_sternberg,6,126,HJDQTR,G,F,<lshift>,0,482
T0_4572_sternberg,6,127,NSVBCZ,B,T,<lshift>,1,1893,T1_4572_sternberg,6,127,SWLNHF,J,F,<rshift>,1,538,T2_4572_sternberg,6,127,HJDQTR,T,T,<lshift>,1,1212
T0_4572_sternberg,6,128,NSVBCZ,S,T,<lshift>,1,556,T1_4572_sternberg,6,128,SWLNHF,M,F,<rshift>,1,826,T2_4572_sternberg,6,128,HJDQTR,T,T,<lshift>,1,440
T0_4572_sternberg,6,129,NSVBCZ,P,F,<rshift>,1,533,T1_4572_sternberg,6,129,SWLNHF,S,T,<lshift>,1,545,T2_4572_sternberg,6,129,HJDQTR,R,T,<lshift>,1,541
T0_4572_sternberg,6,130,NSVBCZ,T,F,<rshift>,1,516,T1_4572_sternberg,6,130,SWLNHF,P,F,<rshift>,1,534,T2_4572_sternberg,6,130,HJDQTR,W,F,<rshift>,1,805
T0_4572_sternberg,6,131,NSVBCZ,R,F,<lshift>,0,515,T1_4572_sternberg,6,131,SWLNHF,K,F,<rshift>,1,970,T2_4572_sternberg,6,131,HJDQTR,C,F,<rshift>,1,550
T0_4572_sternberg,6,132,NSVBCZ,N,T,<lshift>,1,643,T1_4572_sternberg,6,132,SWLNHF,D,F,<rshift>,1,544,T2_4572_sternberg,6,132,HJDQTR,L,F,<rshift>,1,566
T0_4572_sternberg,6,133,NSVBCZ,V,T,<lshift>,1,798,T1_4572_sternberg,6,133,SWLNHF,B,F,<rshift>,1,522,T2_4572_sternberg,6,133,HJDQTR,Q,T,<lshift>,1,495
T0_4572_sternberg,6,134,NSVBCZ,N,T,<lshift>,1,610,T1_4572_sternberg,6,134,SWLNHF,S,T,<lshift>,1,577,T2_4572_sternberg,6,134,HJDQTR,M,F,<rshift>,1,555
T0_4572_sternberg,6,135,NSVBCZ,Q,F,<rshift>,1,523,T1_4572_sternberg,6,135,SWLNHF,W,T,<lshift>,1,679,T2_4572_sternberg,6,135,HJDQTR,F,F,<rshift>,1,555
T0_4572_sternberg,6,136,NSVBCZ,N,T,<lshift>,1,501,T1_4572_sternberg,6,136,SWLNHF,J,F,<rshift>,1,489,T2_4572_sternberg,6,136,HJDQTR,D,T,<lshift>,1,460
T0_4572_sternberg,6,137,NSVBCZ,S,T,<lshift>,1,544,T1_4572_sternberg,6,137,SWLNHF,L,T,<lshift>,1,651,T2_4572_sternberg,6,137,HJDQTR,J,T,<lshift>,1,521
T0_4572_sternberg,6,138,NSVBCZ,L,F,<lshift>,0,741,T1_4572_sternberg,6,138,SWLNHF,K,F,<rshift>,1,499,T2_4572_sternberg,6,138,HJDQTR,V,F,<rshift>,1,497
T0_4572_sternberg,6,139,NSVBCZ,J,F,<rshift>,1,662,T1_4572_sternberg,6,139,SWLNHF,P,F,<rshift>,1,613,T2_4572_sternberg,6,139,HJDQTR,D,T,<lshift>,1,615
T0_4572_sternberg,6,140,NSVBCZ,G,F,<rshift>,1,777,T1_4572_sternberg,6,140,SWLNHF,L,T,<lshift>,1,709,T2_4572_sternberg,6,140,HJDQTR,R,T,<lshift>,1,552
T0_4572_sternberg,6,141,NSVBCZ,S,T,<lshift>,1,530,T1_4572_sternberg,6,141,SWLNHF,R,F,<rshift>,1,563,T2_4572_sternberg,6,141,HJDQTR,S,F,<rshift>,1,470
T0_4572_sternberg,6,142,NSVBCZ,M,F,<rshift>,1,912,T1_4572_sternberg,6,142,SWLNHF,F,T,<lshift>,1,629,T2_4572_sternberg,6,142,HJDQTR,L,F,<rshift>,1,432
T0_4572_sternberg,6,143,NSVBCZ,C,T,<lshift>,1,676,T1_4572_sternberg,6,143,SWLNHF,W,T,<lshift>,1,545,T2_4572_sternberg,6,143,HJDQTR,W,F,<rshift>,1,810
T0_4572_sternberg,6,144,NSVBCZ,S,T,<lshift>,1,482,T1_4572_sternberg,6,144,SWLNHF,S,T,<lshift>,1,438,T2_4572_sternberg,6,144,HJDQTR,D,T,<lshift>,1,521
T0_4572_sternberg,6,145,NSVBCZ,V,T,<lshift>,1,484,T1_4572_sternberg,6,145,SWLNHF,F,T,<lshift>,1,606,T2_4572_sternberg,6,145,HJDQTR,D,T,<lshift>,1,370
T0_4572_sternberg,6,146,NSVBCZ,F,F,<rshift>,1,600,T1_4572_sternberg,6,146,SWLNHF,L,T,<lshift>,1,710,T2_4572_sternberg,6,146,HJDQTR,L,F,<rshift>,1,567
T0_4572_sternberg,6,147,NSVBCZ,K,F,<rshift>,1,381,T1_4572_sternberg,6,147,SWLNHF,C,F,<rshift>,1,580,T2_4572_sternberg,6,147,HJDQTR,V,F,<rshift>,1,510
T0_4572_sternberg,6,148,NSVBCZ,F,F,<rshift>,1,1163,T1_4572_sternberg,6,148,SWLNHF,S,T,<lshift>,1,464,T2_4572_sternberg,6,148,HJDQTR,C,F,<rshift>,1,562
T0_4572_sternberg,6,149,NSVBCZ,M,F,<rshift>,1,364,T1_4572_sternberg,6,149,SWLNHF,S,T,<lshift>,1,341,T2_4572_sternberg,6,149,HJDQTR,K,F,<rshift>,1,543
T0_4572_sternberg,6,150,NSVBCZ,B,T,<lshift>,1,782,T1_4572_sternberg,6,150,SWLNHF,L,T,<lshift>,1,741,T2_4572_sternberg,6,150,HJDQTR,J,T,<lshift>,1,481
T0_4572_sternberg,2,151,JD,G,F,<rshift>,1,684,T1_4572_sternberg,2,151,DT,Z,F,<rshift>,1,1574,T2_4572_sternberg,2,151,GN,S,F,<rshift>,1,563
T0_4572_sternberg,2,152,JD,N,F,<rshift>,1,822,T1_4572_sternberg,2,152,DT,D,T,<lshift>,1,543,T2_4572_sternberg,2,152,GN,R,F,<rshift>,1,392
T0_4572_sternberg,2,153,JD,F,F,<rshift>,1,962,T1_4572_sternberg,2,153,DT,Q,F,<rshift>,1,549,T2_4572_sternberg,2,153,GN,B,F,<rshift>,1,760
T0_4572_sternberg,2,154,JD,D,T,<lshift>,1,529,T1_4572_sternberg,2,154,DT,T,T,<lshift>,1,440,T2_4572_sternberg,2,154,GN,N,T,<lshift>,1,522
T0_4572_sternberg,2,155,JD,P,F,<rshift>,1,470,T1_4572_sternberg,2,155,DT,D,T,<lshift>,1,507,T2_4572_sternberg,2,155,GN,P,F,<rshift>,1,462
T0_4572_sternberg,2,156,JD,J,T,<lshift>,1,365,T1_4572_sternberg,2,156,DT,D,T,<lshift>,1,356,T2_4572_sternberg,2,156,GN,G,T,<lshift>,1,420
T0_4572_sternberg,2,157,JD,J,T,<lshift>,1,312,T1_4572_sternberg,2,157,DT,T,T,<lshift>,1,445,T2_4572_sternberg,2,157,GN,D,F,<rshift>,1,586
T0_4572_sternberg,2,158,JD,H,F,<rshift>,1,451,T1_4572_sternberg,2,158,DT,D,T,<lshift>,1,416,T2_4572_sternberg,2,158,GN,R,F,<rshift>,1,523
T0_4572_sternberg,2,159,JD,J,T,<lshift>,1,380,T1_4572_sternberg,2,159,DT,K,F,<rshift>,1,502,T2_4572_sternberg,2,159,GN,P,F,<rshift>,1,523
T0_4572_sternberg,2,160,JD,N,F,<rshift>,1,511,T1_4572_sternberg,2,160,DT,D,T,<lshift>,1,436,T2_4572_sternberg,2,160,GN,N,T,<lshift>,1,435
T0_4572_sternberg,2,161,JD,D,T,<lshift>,1,369,T1_4572_sternberg,2,161,DT,D,T,<lshift>,1,339,T2_4572_sternberg,2,161,GN,D,F,<rshift>,1,707
T0_4572_sternberg,2,162,JD,Z,F,<rshift>,1,529,T1_4572_sternberg,2,162,DT,T,T,<lshift>,1,429,T2_4572_sternberg,2,162,GN,N,T,<rshift>,0,371
T0_4572_sternberg,2,163,JD,D,T,<lshift>,1,360,T1_4572_sternberg,2,163,DT,D,T,<lshift>,1,446,T2_4572_sternberg,2,163,GN,D,F,<rshift>,1,996
T0_4572_sternberg,2,164,JD,J,T,<lshift>,1,458,T1_4572_sternberg,2,164,DT,T,T,<lshift>,1,479,T2_4572_sternberg,2,164,GN,P,F,<rshift>,1,483
T0_4572_sternberg,2,165,JD,J,T,<lshift>,1,311,T1_4572_sternberg,2,165,DT,S,F,<rshift>,1,635,T2_4572_sternberg,2,165,GN,N,T,<lshift>,1,412
T0_4572_sternberg,2,166,JD,S,F,<rshift>,1,416,T1_4572_sternberg,2,166,DT,G,F,<lshift>,0,436,T2_4572_sternberg,2,166,GN,R,F,<rshift>,1,500
T0_4572_sternberg,2,167,JD,P,F,<rshift>,1,501,T1_4572_sternberg,2,167,DT,W,F,<rshift>,1,549,T2_4572_sternberg,2,167,GN,N,T,<lshift>,1,782
T0_4572_sternberg,2,168,JD,Z,F,<rshift>,1,316,T1_4572_sternberg,2,168,DT,J,F,<rshift>,1,494,T2_4572_sternberg,2,168,GN,F,F,<rshift>,1,481
T0_4572_sternberg,2,169,JD,D,T,<rshift>,0,377,T1_4572_sternberg,2,169,DT,H,F,<rshift>,1,455,T2_4572_sternberg,2,169,GN,N,T,<lshift>,1,389
T0_4572_sternberg,2,170,JD,N,F,<rshift>,1,594,T1_4572_sternberg,2,170,DT,D,T,<lshift>,1,468,T2_4572_sternberg,2,170,GN,R,F,<rshift>,1,471
T0_4572_sternberg,2,171,JD,P,F,<rshift>,1,469,T1_4572_sternberg,2,171,DT,P,F,<rshift>,1,490,T2_4572_sternberg,2,171,GN,Z,F,<rshift>,1,600
T0_4572_sternberg,2,172,JD,J,T,<lshift>,1,395,T1_4572_sternberg,2,172,DT,K,F,<rshift>,1,529,T2_4572_sternberg,2,172,GN,N,T,<lshift>,1,461
T0_4572_sternberg,2,173,JD,C,F,<rshift>,1,398,T1_4572_sternberg,2,173,DT,R,F,<rshift>,1,426,T2_4572_sternberg,2,173,GN,G,T,<lshift>,1,468
T0_4572_sternberg,2,174,JD,K,F,<rshift>,1,371,T1_4572_sternberg,2,174,DT,D,T,<lshift>,1,472,T2_4572_sternberg,2,174,GN,G,T,<lshift>,1,361
T0_4572_sternberg,2,175,JD,G,F,<rshift>,1,438,T1_4572_sternberg,2,175,DT,L,F,<rshift>,1,514,T2_4572_sternberg,2,175,GN,N,T,<lshift>,1,491
T0_4572_sternberg,2,176,JD,B,F,<rshift>,1,417,T1_4572_sternberg,2,176,DT,D,T,<lshift>,1,609,T2_4572_sternberg,2,176,GN,J,F,<rshift>,1,524
T0_4572_sternberg,2,177,JD,Z,F,<rshift>,1,550,T1_4572_sternberg,2,177,DT,T,T,<lshift>,1,570,T2_4572_sternberg,2,177,GN,R,F,<rshift>,1,511
T0_4572_sternberg,2,178,JD,S,F,<rshift>,1,340,T1_4572_sternberg,2,178,DT,D,T,<lshift>,1,499,T2_4572_sternberg,2,178,GN,G,T,<lshift>,1,482
T0_4572_sternberg,2,179,JD,D,T,<lshift>,1,442,T1_4572_sternberg,2,179,DT,K,F,<rshift>,1,446,T2_4572_sternberg,2,179,GN,G,T,<lshift>,1,331
T0_4572_sternberg,2,180,JD,D,T,<lshift>,1,331,T1_4572_sternberg,2,180,DT,T,T,<lshift>,1,437,T2_4572_sternberg,2,180,GN,W,F,<rshift>,1,457
T0_4572_sternberg,2,181,JD,D,T,<lshift>,1,341,T1_4572_sternberg,2,181,DT,T,T,<lshift>,1,346,T2_4572_sternberg,2,181,GN,P,F,<rshift>,1,517
T0_4572_sternberg,2,182,JD,D,T,<lshift>,1,348,T1_4572_sternberg,2,182,DT,D,T,<lshift>,1,527,T2_4572_sternberg,2,182,GN,Z,F,<rshift>,1,582
T0_4572_sternberg,2,183,JD,F,F,<rshift>,1,392,T1_4572_sternberg,2,183,DT,C,F,<rshift>,1,518,T2_4572_sternberg,2,183,GN,N,T,<lshift>,1,492
T0_4572_sternberg,2,184,JD,D,T,<lshift>,1,419,T1_4572_sternberg,2,184,DT,D,T,<lshift>,1,488,T2_4572_sternberg,2,184,GN,N,T,<lshift>,1,312
T0_4572_sternberg,2,185,JD,D,T,<lshift>,1,342,T1_4572_sternberg,2,185,DT,N,F,<rshift>,1,576,T2_4572_sternberg,2,185,GN,L,F,<rshift>,1,480
T0_4572_sternberg,2,186,JD,C,F,<rshift>,1,401,T1_4572_sternberg,2,186,DT,N,F,<rshift>,1,377,T2_4572_sternberg,2,186,GN,D,F,<lshift>,0,397
T0_4572_sternberg,2,187,JD,J,T,<lshift>,1,451,T1_4572_sternberg,2,187,DT,T,T,<lshift>,1,469,T2_4572_sternberg,2,187,GN,N,T,<lshift>,1,565
T0_4572_sternberg,2,188,JD,J,T,<lshift>,1,300,T1_4572_sternberg,2,188,DT,M,F,<rshift>,1,545,T2_4572_sternberg,2,188,GN,N,T,<lshift>,1,338
T0_4572_sternberg,2,189,JD,C,F,<rshift>,1,412,T1_4572_sternberg,2,189,DT,M,F,<rshift>,1,381,T2_4572_sternberg,2,189,GN,N,T,<lshift>,1,330
T0_4572_sternberg,2,190,JD,D,T,<lshift>,1,388,T1_4572_sternberg,2,190,DT,W,F,<rshift>,1,477,T2_4572_sternberg,2,190,GN,Q,F,<rshift>,1,523
T0_4572_sternberg,2,191,JD,D,T,<lshift>,1,323,T1_4572_sternberg,2,191,DT,D,T,<lshift>,1,512,T2_4572_sternberg,2,191,GN,G,T,<lshift>,1,439
T0_4572_sternberg,2,192,JD,D,T,<lshift>,1,347,T1_4572_sternberg,2,192,DT,Q,F,<rshift>,1,638,T2_4572_sternberg,2,192,GN,N,T,<lshift>,1,498
T0_4572_sternberg,2,193,JD,K,F,<rshift>,1,383,T1_4572_sternberg,2,193,DT,Q,F,<rshift>,1,371,T2_4572_sternberg,2,193,GN,Z,F,<rshift>,1,438
T0_4572_sternberg,2,194,JD,L,F,<rshift>,1,350,T1_4572_sternberg,2,194,DT,W,F,<rshift>,1,450,T2_4572_sternberg,2,194,GN,P,F,<rshift>,1,614
T0_4572_sternberg,2,195,JD,D,T,<rshift>,0,309,T1_4572_sternberg,2,195,DT,D,T,<lshift>,1,531,T2_4572_sternberg,2,195,GN,N,T,<lshift>,1,441
T0_4572_sternberg,2,196,JD,J,T,<lshift>,1,400,T1_4572_sternberg,2,196,DT,D,T,<lshift>,1,336,T2_4572_sternberg,2,196,GN,N,T,<lshift>,1,388
T0_4572_sternberg,2,197,JD,J,T,<lshift>,1,317,T1_4572_sternberg,2,197,DT,C,F,<rshift>,1,479,T2_4572_sternberg,2,197,GN,N,T,<lshift>,1,383
T0_4572_sternberg,2,198,JD,H,F,<rshift>,1,389,T1_4572_sternberg,2,198,DT,T,T,<lshift>,1,446,T2_4572_sternberg,2,198,GN,G,T,<lshift>,1,531
T0_4572_sternberg,2,199,JD,V,F,<rshift>,1,540,T1_4572_sternberg,2,199,DT,W,F,<rshift>,1,654,T2_4572_sternberg,2,199,GN,N,T,<lshift>,1,509
T0_4572_sternberg,2,200,JD,D,T,<lshift>,1,412,T1_4572_sternberg,2,200,DT,S,F,<rshift>,1,520,T2_4572_sternberg,2,200,GN,V,F,<rshift>,1,450
T0_4572_sternberg,4,201,RVLG,F,F,<rshift>,1,535,T1_4572_sternberg,4,201,QDKZ,D,T,<lshift>,1,955,T2_4572_sternberg,4,201,GPJW,J,T,<lshift>,1,774
T0_4572_sternberg,4,202,RVLG,G,T,<lshift>,1,494,T1_4572_sternberg,4,202,QDKZ,N,F,<rshift>,1,548,T2_4572_sternberg,4,202,GPJW,K,F,<rshift>,1,548
T0_4572_sternberg,4,203,RVLG,R,T,<lshift>,1,468,T1_4572_sternberg,4,203,QDKZ,B,F,<rshift>,1,519,T2_4572_sternberg,4,203,GPJW,J,T,<lshift>,1,501
T0_4572_sternberg,4,204,RVLG,W,F,<rshift>,1,447,T1_4572_sternberg,4,204,QDKZ,C,F,<rshift>,1,500,T2_4572_sternberg,4,204,GPJW,J,T,<lshift>,1,338
T0_4572_sternberg,4,205,RVLG,W,F,<rshift>,1,340,T1_4572_sternberg,4,205,QDKZ,F,F,<rshift>,1,461,T2_4572_sternberg,4,205,GPJW,Q,F,<rshift>,1,633
T0_4572_sternberg,4,206,RVLG,R,T,<lshift>,1,474,T1_4572_sternberg,4,206,QDKZ,S,F,<rshift>,1,519,T2_4572_sternberg,4,206,GPJW,G,T,<lshift>,1,531
T0_4572_sternberg,4,207,RVLG,Q,F,<rshift>,1,457,T1_4572_sternberg,4,207,QDKZ,F,F,<rshift>,1,386,T2_4572_sternberg,4,207,GPJW,L,F,<rshift>,1,552
T0_4572_sternberg,4,208,RVLG,R,T,<rshift>,0,524,T1_4572_sternberg,4,208,QDKZ,G,F,<rshift>,1,660,T2_4572_sternberg,4,208,GPJW,P,T,<lshift>,1,400
T0_4572_sternberg,4,209,RVLG,Q,F,<rshift>,1,497,T1_4572_sternberg,4,209,QDKZ,W,F,<rshift>,1,570,T2_4572_sternberg,4,209,GPJW,J,T,<lshift>,1,500
T0_4572_sternberg,4,210,RVLG,Q,F,<rshift>,1,328,T1_4572_sternberg,4,210,QDKZ,M,F,<rshift>,1,430,T2_4572_sternberg,4,210,GPJW,H,F,<rshift>,1,533
T0_4572_sternberg,4,211,RVLG,L,T,<lshift>,1,541,T1_4572_sternberg,4,211,QDKZ,D,T,<lshift>,1,559,T2_4572_sternberg,4,211,GPJW,G,T,<lshift>,1,492
T0_4572_sternberg,4,212,RVLG,V,T,<lshift>,1,584,T1_4572_sternberg,4,212,QDKZ,C,F,<rshift>,1,458,T2_4572_sternberg,4,212,GPJW,G,T,<lshift>,1,420
T0_4572_sternberg,4,213,RVLG,G,T,<lshift>,1,811,T1_4572_sternberg,4,213,QDKZ,B,F,<rshift>,1,468,T2_4572_sternberg,4,213,GPJW,W,T,<rshift>,0,549
T0_4572_sternberg,4,214,RVLG,L,T,<lshift>,1,460,T1_4572_sternberg,4,214,QDKZ,Z,T,<lshift>,1,478,T2_4572_sternberg,4,214,GPJW,B,F,<rshift>,1,559
T0_4572_sternberg,4,215,RVLG,Q,F,<rshift>,1,526,T1_4572_sternberg,4,215,QDKZ,C,F,<rshift>,1,568,T2_4572_sternberg,4,215,GPJW,W,T,<lshift>,1,478
T0_4572_sternberg,4,216,RVLG,V,T,<lshift>,1,388,T1_4572_sternberg,4,216,QDKZ,Z,T,<lshift>,1,588,T2_4572_sternberg,4,216,GPJW,L,F,<rshift>,1,482
T0_4572_sternberg,4,217,RVLG,L,T,<lshift>,1,503,T1_4572_sternberg,4,217,QDKZ,B,F,<rshift>,1,492,T2_4572_sternberg,4,217,GPJW,G,T,<lshift>,1,462
T0_4572_sternberg,4,218,RVLG,D,F,<rshift>,1,625,T1_4572_sternberg,4,218,QDKZ,T,F,<rshift>,1,589,T2_4572_sternberg,4,218,GPJW,R,F,<rshift>,1,583
T0_4572_sternberg,4,219,RVLG,N,F,<rshift>,1,748,T1_4572_sternberg,4,219,QDKZ,D,T,<lshift>,1,525,T2_4572_sternberg,4,219,GPJW,C,F,<rshift>,1,609
T0_4572_sternberg,4,220,RVLG,V,T,<lshift>,1,456,T1_4572_sternberg,4,220,QDKZ,K,T,<lshift>,1,573,T2_4572_sternberg,4,220,GPJW,D,F,<rshift>,1,625
T0_4572_sternberg,4,221,RVLG,V,T,<lshift>,1,317,T1_4572_sternberg,4,221,QDKZ,D,T,<lshift>,1,435,T2_4572_sternberg,4,221,GPJW,W,T,<lshift>,1,538
T0_4572_sternberg,4,222,RVLG,L,T,<lshift>,1,514,T1_4572_sternberg,4,222,QDKZ,D,T,<lshift>,1,384,T2_4572_sternberg,4,222,GPJW,P,T,<lshift>,1,563
T0_4572_sternberg,4,223,RVLG,L,T,<lshift>,1,326,T1_4572_sternberg,4,223,QDKZ,Q,T,<lshift>,1,588,T2_4572_sternberg,4,223,GPJW,G,T,<lshift>,1,471
T0_4572_sternberg,4,224,RVLG,M,F,<rshift>,1,430,T1_4572_sternberg,4,224,QDKZ,Z,T,<lshift>,1,559,T2_4572_sternberg,4,224,GPJW,G,T,<lshift>,1,427
T0_4572_sternberg,4,225,RVLG,Q,F,<lshift>,0,449,T1_4572_sternberg,4,225,QDKZ,J,F,<rshift>,1,550,T2_4572_sternberg,4,225,GPJW,G,T,<lshift>,1,372
T0_4572_sternberg,4,226,RVLG,P,F,<rshift>,1,508,T1_4572_sternberg,4,226,QDKZ,Z,T,<lshift>,1,680,T2_4572_sternberg,4,226,GPJW,F,F,<rshift>,1,463
T0_4572_sternberg,4,227,RVLG,Z,F,<rshift>,1,776,T1_4572_sternberg,4,227,QDKZ,K,T,<lshift>,1,542,T2_4572_sternberg,4,227,GPJW,L,F,<rshift>,1,470
T0_4572_sternberg,4,228,RVLG,R,T,<lshift>,1,496,T1_4572_sternberg,4,228,QDKZ,T,F,<rshift>,1,566,T2_4572_sternberg,4,228,GPJW,K,F,<rshift>,1,478
T0_4572_sternberg,4,229,RVLG,L,T,<lshift>,1,500,T1_4572_sternberg,4,229,QDKZ,K,T,<lshift>,1,501,T2_4572_sternberg,4,229,GPJW,V,F,<rshift>,1,507
T0_4572_sternberg,4,230,RVLG,L,T,<lshift>,1,315,T1_4572_sternberg,4,230,QDKZ,D,T,<lshift>,1,451,T2_4572_sternberg,4,230,GPJW,V,F,<rshift>,1,352
T0_4572_sternberg,4,231,RVLG,L,T,<lshift>,1,295,T1_4572_sternberg,4,231,QDKZ,K,T,<lshift>,1,518,T2_4572_sternberg,4,231,GPJW,J,T,<lshift>,1,479
T0_4572_sternberg,4,232,RVLG,C,F,<rshift>,1,452,T1_4572_sternberg,4,232,QDKZ,H,F,<rshift>,1,685,T2_4572_sternberg,4,232,GPJW,R,F,<rshift>,1,473
T0_4572_sternberg,4,233,RVLG,L,T,<rshift>,0,475,T1_4572_sternberg,4,233,QDKZ,S,F,<rshift>,1,519,T2_4572_sternberg,4,233,GPJW,L,F,<rshift>,1,509
T0_4572_sternberg,4,234,RVLG,M,F,<rshift>,1,516,T1_4572_sternberg,4,234,QDKZ,S,F,<rshift>,1,393,T2_4572_sternberg,4,234,GPJW,P,T,<lshift>,1,482
T0_4572_sternberg,4,235,RVLG,F,F,<rshift>,1,317,T1_4572_sternberg,4,235,QDKZ,D,T,<lshift>,1,441,T2_4572_sternberg,4,235,GPJW,C,F,<rshift>,1,513
T0_4572_sternberg,4,236,RVLG,D,F,<lshift>,0,656,T1_4572_sternberg,4,236,QDKZ,W,F,<rshift>,1,663,T2_4572_sternberg,4,236,GPJW,W,T,<lshift>,1,443
T0_4572_sternberg,4,237,RVLG,G,T,<rshift>,0,493,T1_4572_sternberg,4,237,QDKZ,Q,T,<lshift>,1,1338,T2_4572_sternberg,4,237,GPJW,G,T,<lshift>,1,455
T0_4572_sternberg,4,238,RVLG,K,F,<rshift>,1,569,T1_4572_sternberg,4,238,QDKZ,Q,T,<lshift>,1,381,T2_4572_sternberg,4,238,GPJW,P,T,<lshift>,1,538
T0_4572_sternberg,4,239,RVLG,Z,F,<rshift>,1,708,T1_4572_sternberg,4,239,QDKZ,T,F,<rshift>,1,504,T2_4572_sternberg,4,239,GPJW,P,T,<lshift>,1,434
T0_4572_sternberg,4,240,RVLG,V,T,<lshift>,1,892,T1_4572_sternberg,4,240,QDKZ,H,F,<rshift>,1,733,T2_4572_sternberg,4,240,GPJW,G,T,<lshift>,1,481
T0_4572_sternberg,4,241,RVLG,F,F,<rshift>,1,575,T1_4572_sternberg,4,241,QDKZ,D,T,<lshift>,1,478,T2_4572_sternberg,4,241,GPJW,T,F,<rshift>,1,505
T0_4572_sternberg,4,242,RVLG,Q,F,<rshift>,1,572,T1_4572_sternberg,4,242,QDKZ,D,T,<lshift>,1,406,T2_4572_sternberg,4,242,GPJW,P,T,<lshift>,1,542
T0_4572_sternberg,4,243,RVLG,W,F,<rshift>,1,488,T1_4572_sternberg,4,243,QDKZ,Q,T,<lshift>,1,525,T2_4572_sternberg,4,243,GPJW,Q,F,<rshift>,1,553
T0_4572_sternberg,4,244,RVLG,R,T,<lshift>,1,625,T1_4572_sternberg,4,244,QDKZ,D,T,<lshift>,1,521,T2_4572_sternberg,4,244,GPJW,V,F,<rshift>,1,522
T0_4572_sternberg,4,245,RVLG,F,F,<rshift>,1,600,T1_4572_sternberg,4,245,QDKZ,N,F,<rshift>,1,579,T2_4572_sternberg,4,245,GPJW,W,T,<lshift>,1,563
T0_4572_sternberg,4,246,RVLG,G,T,<lshift>,1,806,T1_4572_sternberg,4,246,QDKZ,V,F,<rshift>,1,548,T2_4572_sternberg,4,246,GPJW,Z,F,<rshift>,1,511
T0_4572_sternberg,4,247,RVLG,F,F,<rshift>,1,833,T1_4572_sternberg,4,247,QDKZ,Z,T,<lshift>,1,484,T2_4572_sternberg,4,247,GPJW,T,F,<rshift>,1,471
T0_4572_sternberg,4,248,RVLG,M,F,<rshift>,1,468,T1_4572_sternberg,4,248,QDKZ,Z,T,<lshift>,1,357,T2_4572_sternberg,4,248,GPJW,V,F,<rshift>,1,572
T0_4572_sternberg,4,249,RVLG,R,T,<lshift>,1,509,T1_4572_sternberg,4,249,QDKZ,K,T,<lshift>,1,588,T2_4572_sternberg,4,249,GPJW,M,F,<rshift>,1,491
T0_4572_sternberg,4,250,RVLG,R,T,<lshift>,1,351,T1_4572_sternberg,4,250,QDKZ,B,F,<rshift>,1,474,T2_4572_sternberg,4,250,GPJW,D,F,<lshift>,0,456
T0_4572_sternberg,6,251,NSVBCZ,S,T,<lshift>,1,610,T1_4572_sternberg,6,251,SWLNHF,F,T,<rshift>,0,672,T2_4572_sternberg,6,251,HJDQTR,C,F,<rshift>,1,505
T0_4572_sternberg,6,252,NSVBCZ,K,F,<rshift>,1,487,T1_4572_sternberg,6,252,SWLNHF,T,F,<rshift>,1,739,T2_4572_sternberg,6,252,HJDQTR,T,T,<rshift>,0,509
T0_4572_sternberg,6,253,NSVBCZ,V,T,<lshift>,1,421,T1_4572_sternberg,6,253,SWLNHF,H,T,<lshift>,1,636,T2_4572_sternberg,6,253,HJDQTR,M,F,<rshift>,1,1796
T0_4572_sternberg,6,254,NSVBCZ,T,F,<rshift>,1,522,T1_4572_sternberg,6,254,SWLNHF,G,F,<rshift>,1,590,T2_4572_sternberg,6,254,HJDQTR,B,F,<rshift>,1,623
T0_4572_sternberg,6,255,NSVBCZ,K,F,<rshift>,1,468,T1_4572_sternberg,6,255,SWLNHF,K,F,<rshift>,1,1031,T2_4572_sternberg,6,255,HJDQTR,N,F,<rshift>,1,1165
T0_4572_sternberg,6,256,NSVBCZ,T,F,<rshift>,1,490,T1_4572_sternberg,6,256,SWLNHF,L,T,<lshift>,1,667,T2_4572_sternberg,6,256,HJDQTR,K,F,<rshift>,1,452
T0_4572_sternberg,6,257,NSVBCZ,W,F,<rshift>,1,484,T1_4572_sternberg,6,257,SWLNHF,N,T,<lshift>,1,966,T2_4572_sternberg,6,257,HJDQTR,N,F,<rshift>,1,659
T0_4572_sternberg,6,258,NSVBCZ,M,F,<rshift>,1,541,T1_4572_sternberg,6,258,SWLNHF,Z,F,<lshift>,0,511,T2_4572_sternberg,6,258,HJDQTR,B,F,<rshift>,1,485
T0_4572_sternberg,6,259,NSVBCZ,B,T,<rshift>,0,513,T1_4572_sternberg,6,259,SWLNHF,B,F,<rshift>,1,810,T2_4572_sternberg,6,259,HJDQTR,R,T,<rshift>,0,828
T0_4572_sternberg,6,260,NSVBCZ,J,F,<rshift>,1,635,T1_4572_sternberg,6,260,SWLNHF,W,T,<lshift>,1,768,T2_4572_sternberg,6,260,HJDQTR,V,F,<rshift>,1,1089
T0_4572_sternberg,6,261,NSVBCZ,J,F,<rshift>,1,320,T1_4572_sternberg,6,261,SWLNHF,G,F,<rshift>,1,569,T2_4572_sternberg,6,261,HJDQTR,Q,T,<lshift>,1,625
T0_4572_sternberg,6,262,NSVBCZ,J,F,<rshift>,1,344,T1_4572_sternberg,6,262,SWLNHF,T,F,<rshift>,1,612,T2_4572_sternberg,6,262,HJDQTR,Q,T,<lshift>,1,348
T0_4572_sternberg,6,263,NSVBCZ,V,T,<lshift>,1,449,T1_4572_sternberg,6,263,SWLNHF,M,F,<rshift>,1,510,T2_4572_sternberg,6,263,HJDQTR,J,T,<lshift>,1,545
T0_4572_sternberg,6,264,NSVBCZ,S,T,<lshift>,1,642,T1_4572_sternberg,6,264,SWLNHF,W,T,<lshift>,1,740,T2_4572_sternberg,6,264,HJDQTR,R,T,<lshift>,1,561
T0_4572_sternberg,6,265,NSVBCZ,M,F,<rshift>,1,536,T1_4572_sternberg,6,265,SWLNHF,J,F,<rshift>,1,560,T2_4572_sternberg,6,265,HJDQTR,J,T,<lshift>,1,470
T0_4572_sternberg,6,266,NSVBCZ,B,T,<lshift>,1,503,T1_4572_sternberg,6,266,SWLNHF,T,F,<rshift>,1,828,T2_4572_sternberg,6,266,HJDQTR,Q,T,<lshift>,1,581
T0_4572_sternberg,6,267,NSVBCZ,N,T,<lshift>,1,491,T1_4572_sternberg,6,267,SWLNHF,P,F,<rshift>,1,458,T2_4572_sternberg,6,267,HJDQTR,S,F,<rshift>,1,519
T0_4572_sternberg,6,268,NSVBCZ,C,T,<rshift>,0,541,T1_4572_sternberg,6,268,SWLNHF,H,T,<lshift>,1,569,T2_4572_sternberg,6,268,HJDQTR,T,T,<lshift>,1,541
T0_4572_sternberg,6,269,NSVBCZ,R,F,<lshift>,0,707,T1_4572_sternberg,6,269,SWLNHF,L,T,<lshift>,1,571,T2_4572_sternberg,6,269,HJDQTR,D,T,<lshift>,1,2255
T0_4572_sternberg,6,270,NSVBCZ,N,T,<lshift>,1,558,T1_4572_sternberg,6,270,SWLNHF,N,T,<lshift>,1,559,T2_4572_sternberg,6,270,HJDQTR,T,T,<lshift>,1,1024
T0_4572_sternberg,6,271,NSVBCZ,J,F,<rshift>,1,522,T1_4572_sternberg,6,271,SWLNHF,F,T,<lshift>,1,617,T2_4572_sternberg,6,271,HJDQTR,H,T,<rshift>,0,561
T0_4572_sternberg,6,272,NSVBCZ,Q,F,<rshift>,1,589,T1_4572_sternberg,6,272,SWLNHF,N,T,<lshift>,1,528,T2_4572_sternberg,6,272,HJDQTR,V,F,<rshift>,1,567
T0_4572_sternberg,6,273,NSVBCZ,Q,F,<rshift>,1,359,T1_4572_sternberg,6,273,SWLNHF,S,T,<lshift>,1,576,T2_4572_sternberg,6,273,HJDQTR,F,F,<rshift>,1,564
T0_4572_sternberg,6,274,NSVBCZ,S,T,<lshift>,1,549,T1_4572_sternberg,6,274,SWLNHF,K,F,<rshift>,1,716,T2_4572_sternberg,6,274,HJDQTR,B,F,<rshift>,1,431
T0_4572_sternberg,6,275,NSVBCZ,V,T,<lshift>,1,554,T1_4572_sternberg,6,275,SWLNHF,H,T,<lshift>,1,600,T2_4572_sternberg,6,275,HJDQTR,Q,T,<lshift>,1,1491
T0_4572_sternberg,6,276,NSVBCZ,B,T,<lshift>,1,414,T1_4572_sternberg,6,276,SWLNHF,B,F,<rshift>,1,573,T2_4572_sternberg,6,276,HJDQTR,H,T,<lshift>,1,459
T0_4572_sternberg,6,277,NSVBCZ,Q,F,<rshift>,1,534,T1_4572_sternberg,6,277,SWLNHF,S,T,<lshift>,1,532,T2_4572_sternberg,6,277,HJDQTR,D,T,<rshift>,0,650
T0_4572_sternberg,6,278,NSVBCZ,S,T,<lshift>,1,491,T1_4572_sternberg,6,278,SWLNHF,J,F,<rshift>,1,646,T2_4572_sternberg,6,278,HJDQTR,R,T,<lshift>,1,1293
T0_4572_sternberg,6,279,NSVBCZ,D,F,<rshift>,1,624,T1_4572_sternberg,6,279,SWLNHF,L,T,<lshift>,1,567,T2_4572_sternberg,6,279,HJDQTR,Z,F,<rshift>,1,540
T0_4572_sternberg,6,280,NSVBCZ,V,T,<lshift>,1,460,T1_4572_sternberg,6,280,SWLNHF,C,F,<rshift>,1,551,T2_4572_sternberg,6,280,HJDQTR,P,F,<rshift>,1,620
T0_4572_sternberg,6,281,NSVBCZ,Z,T,<rshift>,0,443,T1_4572_sternberg,6,281,SWLNHF,V,F,<rshift>,1,506,T2_4572_sternberg,6,281,HJDQTR,T,T,<rshift>,0,598
T0_4572_sternberg,6,282,NSVBCZ,B,T,<lshift>,1,481,T1_4572_sternberg,6,282,SWLNHF,C,F,<rshift>,1,531,T2_4572_sternberg,6,282,HJDQTR,M,F,<rshift>,1,664
T0_4572_sternberg,6,283,NSVBCZ,D,F,<lshift>,0,496,T1_4572_sternberg,6,283,SWLNHF,N,T,<rshift>,0,391,T2_4572_sternberg,6,283,HJDQTR,C,F,<rshift>,1,472
T0_4572_sternberg,6,284,NSVBCZ,C,T,<lshift>,1,779,T1_4572_sternberg,6,284,SWLNHF,M,F,<rshift>,1,600,T2_4572_sternberg,6,284,HJDQTR,M,F,<rshift>,1,675
T0_4572_sternberg,6,285,NSVBCZ,Z,T,<lshift>,1,476,T1_4572_sternberg,6,285,SWLNHF,N,T,<lshift>,1,483,T2_4572_sternberg,6,285,HJDQTR,R,T,<lshift>,1,740
T0_4572_sternberg,6,286,NSVBCZ,L,F,<rshift>,1,1695,T1_4572_sternberg,6,286,SWLNHF,R,F,<rshift>,1,484,T2_4572_sternberg,6,286,HJDQTR,R,T,<lshift>,1,365
T0_4572_sternberg,6,287,NSVBCZ,S,T,<lshift>,1,483,T1_4572_sternberg,6,287,SWLNHF,L,T,<lshift>,1,577,T2_4572_sternberg,6,287,HJDQTR,Q,T,<lshift>,1,573
T0_4572_sternberg,6,288,NSVBCZ,G,F,<rshift>,1,592,T1_4572_sternberg,6,288,SWLNHF,L,T,<lshift>,1,375,T2_4572_sternberg,6,288,HJDQTR,C,F,<rshift>,1,504
T0_4572_sternberg,6,289,NSVBCZ,R,F,<lshift>,0,467,T1_4572_sternberg,6,289,SWLNHF,P,F,<rshift>,1,520,T2_4572_sternberg,6,289,HJDQTR,S,F,<rshift>,1,547
T0_4572_sternberg,6,290,NSVBCZ,V,T,<lshift>,1,602,T1_4572_sternberg,6,290,SWLNHF,Q,F,<rshift>,1,767,T2_4572_sternberg,6,290,HJDQTR,T,T,<lshift>,1,514
T0_4572_sternberg,6,291,NSVBCZ,R,F,<rshift>,1,576,T1_4572_sternberg,6,291,SWLNHF,R,F,<rshift>,1,424,T2_4572_sternberg,6,291,HJDQTR,G,F,<rshift>,1,1113
T0_4572_sternberg,6,292,NSVBCZ,R,F,<rshift>,1,314,T1_4572_sternberg,6,292,SWLNHF,H,T,<lshift>,1,710,T2_4572_sternberg,6,292,HJDQTR,H,T,<lshift>,1,594
T0_4572_sternberg,6,293,NSVBCZ,R,F,<rshift>,1,308,T1_4572_sternberg,6,293,SWLNHF,S,T,<lshift>,1,511,T2_4572_sternberg,6,293,HJDQTR,W,F,<rshift>,1,680
T0_4572_sternberg,6,294,NSVBCZ,Z,T,<lshift>,1,706,T1_4572_sternberg,6,294,SWLNHF,D,F,<rshift>,1,665,T2_4572_sternberg,6,294,HJDQTR,L,F,<rshift>,1,482
T0_4572_sternberg,6,295,NSVBCZ,C,T,<lshift>,1,864,T1_4572_sternberg,6,295,SWLNHF,Z,F,<rshift>,1,1306,T2_4572_sternberg,6,295,HJDQTR,R,T,<lshift>,1,890
T0_4572_sternberg,6,296,NSVBCZ,C,T,<lshift>,1,343,T1_4572_sternberg,6,296,SWLNHF,S,T,<lshift>,1,569,T2_4572_sternberg,6,296,HJDQTR,C,F,<rshift>,1,482
T0_4572_sternberg,6,297,NSVBCZ,N,T,<lshift>,1,654,T1_4572_sternberg,6,297,SWLNHF,H,T,<lshift>,1,582,T2_4572_sternberg,6,297,HJDQTR,N,F,<rshift>,1,773
T0_4572_sternberg,6,298,NSVBCZ,Z,T,<lshift>,1,448,T1_4572_sternberg,6,298,SWLNHF,L,T,<lshift>,1,491,T2_4572_sternberg,6,298,HJDQTR,T,T,<lshift>,1,499
T0_4572_sternberg,6,299,NSVBCZ,G,F,<rshift>,1,553,T1_4572_sternberg,6,299,SWLNHF,F,T,<lshift>,1,560,T2_4572_sternberg,6,299,HJDQTR,C,F,<rshift>,1,463
T0_4572_sternberg,6,300,NSVBCZ,G,F,<rshift>,1,347,T1_4572_sternberg,6,300,SWLNHF,Q,F,<rshift>,1,720,T2_4572_sternberg,6,300,HJDQTR,R,T,<lshift>,1,600
